Workbook

Sheet GiaoDich
A1: ma_gd | B1: ma_vp | C1: sl_mua | D1: ten_vp | E1: gia_xu | F1: thanh_tien
A2: GD001 | B2: VP05 | C2: 1 | D2: =VLOOKUP(GiaoDich!B2,VatPham!$A$1:$C$7,2,FALSE) -> Ao Giap Vang | E2: =VLOOKUP(GiaoDich!B2,VatPham!$A$1:$C$7,3,FALSE) -> 250000 | F2: =E2*C2 -> 250000
A3: GD002 | B3: VP06 | C3: 1 | D3: =VLOOKUP(GiaoDich!B3,VatPham!$A$1:$C$7,2,FALSE) -> Nhan Ma Thuat | E3: =VLOOKUP(GiaoDich!B3,VatPham!$A$1:$C$7,3,FALSE) -> 99000 | F3: =E3*C3 -> 99000
A4: GD003 | B4: VP04 | C4: 5 | D4: =VLOOKUP(GiaoDich!B4,VatPham!$A$1:$C$7,2,FALSE) -> Giay Toc Do | E4: =VLOOKUP(GiaoDich!B4,VatPham!$A$1:$C$7,3,FALSE) -> 150000 | F4: =E4*C4 -> 750000
A5: GD004 | B5: VP06 | C5: 5 | D5: =VLOOKUP(GiaoDich!B5,VatPham!$A$1:$C$7,2,FALSE) -> Nhan Ma Thuat | E5: =VLOOKUP(GiaoDich!B5,VatPham!$A$1:$C$7,3,FALSE) -> 99000 | F5: =E5*C5 -> 495000
A6: GD005 | B6: VP03 | C6: 3 | D6: =VLOOKUP(GiaoDich!B6,VatPham!$A$1:$C$7,2,FALSE) -> Binh May | E6: =VLOOKUP(GiaoDich!B6,VatPham!$A$1:$C$7,3,FALSE) -> 20000 | F6: =E6*C6 -> 60000
A7: GD006 | B7: VP06 | C7: 4 | D7: =VLOOKUP(GiaoDich!B7,VatPham!$A$1:$C$7,2,FALSE) -> Nhan Ma Thuat | E7: =VLOOKUP(GiaoDich!B7,VatPham!$A$1:$C$7,3,FALSE) -> 99000 | F7: =E7*C7 -> 396000
A8: GD007 | B8: VP04 | C8: 6 | D8: =VLOOKUP(GiaoDich!B8,VatPham!$A$1:$C$7,2,FALSE) -> Giay Toc Do | E8: =VLOOKUP(GiaoDich!B8,VatPham!$A$1:$C$7,3,FALSE) -> 150000 | F8: =E8*C8 -> 900000
A9: GD008 | B9: VP02 | C9: 1 | D9: =VLOOKUP(GiaoDich!B9,VatPham!$A$1:$C$7,2,FALSE) -> Khien Bang | E9: =VLOOKUP(GiaoDich!B9,VatPham!$A$1:$C$7,3,FALSE) -> 85000 | F9: =E9*C9 -> 85000
A10: GD009 | B10: VP03 | C10: 2 | D10: =VLOOKUP(GiaoDich!B10,VatPham!$A$1:$C$7,2,FALSE) -> Binh May | E10: =VLOOKUP(GiaoDich!B10,VatPham!$A$1:$C$7,3,FALSE) -> 20000 | F10: =E10*C10 -> 40000
A11: GD010 | B11: VP05 | C11: 4 | D11: =VLOOKUP(GiaoDich!B11,VatPham!$A$1:$C$7,2,FALSE) -> Ao Giap Vang | E11: =VLOOKUP(GiaoDich!B11,VatPham!$A$1:$C$7,3,FALSE) -> 250000 | F11: =E11*C11 -> 1000000
A12: GD011 | B12: VP04 | C12: 5 | D12: =VLOOKUP(GiaoDich!B12,VatPham!$A$1:$C$7,2,FALSE) -> Giay Toc Do | E12: =VLOOKUP(GiaoDich!B12,VatPham!$A$1:$C$7,3,FALSE) -> 150000 | F12: =E12*C12 -> 750000
A13: GD012 | B13: VP05 | C13: 2 | D13: =VLOOKUP(GiaoDich!B13,VatPham!$A$1:$C$7,2,FALSE) -> Ao Giap Vang | E13: =VLOOKUP(GiaoDich!B13,VatPham!$A$1:$C$7,3,FALSE) -> 250000 | F13: =E13*C13 -> 500000
... A16: GD015 | B16: VP05 | C16: 5 | D16: =VLOOKUP(GiaoDich!B16,VatPham!$A$1:$C$7,2,FALSE) -> Ao Giap Vang | E16: =VLOOKUP(GiaoDich!B16,VatPham!$A$1:$C$7,3,FALSE) -> 250000 | F16: =E16*C16 -> 1250000

Sheet VatPham
A1: ma_vp | B1: ten_vp | C1: gia_xu
A2: VP01 | B2: Kiem Rong | C2: 120000
A3: VP02 | B3: Khien Bang | C3: 85000
A4: VP03 | B4: Binh May | C4: 20000
A5: VP04 | B5: Giay Toc Do | C5: 150000
A6: VP05 | B6: Ao Giap Vang | C6: 250000
A7: VP06 | B7: Nhan Ma Thuat | C7: 99000
